NAME,GENDER,NUMBER,ADDRESS,HISTORY
Akshaya.N,Female,6897451032,#Madurai,Called-No Response
Aakhil.B,Male,8301839764,#Gugai Salem,No Calls
Antony.D,Male,8567189214,#4 Roads Chennai,Complainted
Aishu.K,Female,6489952750,#Thirupur,Called-No Response
Abi.L,Female,6879421300,#Thirichy,No Calls
Aishwin.G,Male,9621483701,#Kakapalyam,No Calls
Akshaya.N,Female,6897451032,#Madurai,Called-No Response
Aishu.P,Female,6785421356,#Thirupur,No Calls
Anu Priya.H,Female,7895416265,#Jaipur,No Calls
Akshaya.N,Female,6897451032,#Madurai,Called-No Response
Akshaya.B,Female,9078456620,#Madras,Called-No Response
Aravind.E,Male,7102365981,#Kanpur,Complainted
Abi.L,Female,6879421300,#Thirichy,No Calls
Akshaya.N,Female,6897451032,#Madurai,Called-No Response
Babu.J,Male,8784887980,#Andhra,Complainted
Banu Mathi.F,Female,7689541235,#Paris Chennai,Called-No Response
Bhuvana.R,Female,8885697910,#4Roads Chennai,Complainted
Christopher.F,Male,6987888412,#Dubai,No Calls
Daniel.M,Male,9875665411,#Odisa,Called-No Response
Dany.F,Male,9988774456,#Ladhak,No Calls
Dharshini.R,Female,6322257889,#Salem,No Calls
Priya.G,Female,9208723805,#Paris Chennai,Called-No Response
Daniel.M,Male,9875665411,#Odisa,Called-No Response
Dyna.J,Female,6648795321,#Tirupathi,Called-No Response
Daniel.M,Male,9875665411,#Odisa,Called-No Response
Lavanya.R.M,Female,8841215114,#Madurai,Called-No Response
Dharshini.L,Female,8524687974,#Salem,Complainted
Fraklin.O,Male,8447589613,#Karur,No Calls
Francesca.W,Male,7877796848,#Tirupathi,No Calls
Gowtham.B,Male,9087235601,#Salem,Called-No Response
Gokul.C,Male,8879699812,#Erode,No Calls
Gowtham.B,Male,9087235601,#Salem,Called-No Response
Gokul.R,Male,7766897781,#Kanpur,No Calls
Gowtham.R,Male,6897878740,#Jaipur,Complainted
Gopika.R,Female,7441587940,#Vellore,No Calls
Priya.G,Female,9208723805,#Paris Chennai,Called-No Response
Gowtham.B,Male,9087235601,#Salem,Called-No Response
Lavanya.R.M,Female,8841215114,#Madurai,Called-No Response
Gopika.U,Female,7336578910,#Vellore,No Calls
Gayathiri.E,Female,9987455418,#Hosur,No Calls
Jerun.I,Male,6879787581,#Sivagai,Complainted
Jeeva.K,Male,8135269741,#Sivakasi,No Calls
James.L,Male,6897854789,#Kakaplayam,Called-No Response
Daniel.M,Male,9875665411,#Odisha,Called-No Response
Karthi.H,Male,7124765935,#Omalur,Complainted
Keerthana.K,Female,8789914857,#Bangalore,Called-No Response
Karthik.T,Male,8542697878,#Hosur,Complainted
Kumari.P,Female,668979872,#Thuthukudi,No Calls
Sweetha.J,Female,6588879121,#Ooty,Called-No Response
Lakshimi.I,Male,6121748791,#Kudalore,No Calls
Keerthana.K,Female,8789914857,#Bangalore,Called-No Response
Lavanya.R.M,Female,8841215114,#Madurai,Called-No Response
Oviya.K,Female,9300185784,#Sivakasi,Complainted
Suba.L,Female,6977878715,#Rasipuram Salem,Called-No Response
Sri,Female,7419359877,#Jaipur,Complainted
Saranya.M,Female,8446987721,#Salem,Called-No Response
Lavanya.R.M,Female,8841215114,#Madurai,Called-No Response
Sangeetha.H,Female,6115487983,#Odisha,No Calls
Keerthana.K,Female,8789914857,#Bangalore,Called-No Response
Sabari.K,Male,7896444879,#Tamil Nadu,Called-No Response
Sam Britto.F,Male,6577489556,#Omalur,No Calls
Saranya.M,Female,8446987721,#Salem,Called-No Response
Sweetha.J,Female,6588879121,#Ooty,Called-No Response
Rashika.T,Female,7894120363,#Salem,No Calls
Ramesh.Y,Male,8221577801,#Kakaplayam,No calls
Vidhya.B,Female,9214568742,#Erode,Called-No Response
Sweetha.J,Female,6588879121,#Ooty,Called-No Response
Kaviya.A,Female,9113325487,#Rasipuram,Complainted
Sharu Mathi.R,Female,8455473205,#ThuthuKudi,No Calls
Pranika.O,Female,7989545810,#Comibatore,Complainted
Priya.G,Female,9208723805,#Paris Chennai,Called-No Response
Monika.G,Female,8747954216,#Salem,No Calls
Soundariya.S,Female,6321152704,#Thirichy,No Calls
Shanmugam.R,Male,8748558748,#Ooty,Complainted
Kishana.B,Male,6222548794,#Erode,No Calls
Mukilan.M,Male,7898963014,#Chennai,No Calls
Suriya.K,Male,8217419874,#Kakapalayam,No Calls
Saranya.M,Female,8446987721,#Salem,Called-No Response
Gowtham.B,Male,9087235601,#Salem,Called-No Response
Tharun.A,Male,6211145470,#Omalur,No Calls
Dinesh.D,Male,8356478895,#Lucknow,No Calls
Vidhya.B,Female,9214568742,#Erode,Called-No Response
Venky.V,Male,6412048791,#Dharumapuri,No Calls
Udhai.A,Male,7544487915,#Chennai,No Calls
Ganesh.D,Male,6322015875,#Chennai,No Calls
Dharani.G,Female,7215149860,#Chennai,Complainted
Vinoth.I,Male,9457788945,#Thirichy,No Calls
Dhanush.T,Male,6544787955,#Erode,No Calls
Vidhya.B,Female,9214568742,#Erode,Called-No Response
Vishnu.J,Male,6478878956,#5Roads Salem,No Calls
Prastha.M,Male,6549795470,#Vellore,Complainted
Ramya.P,Female,9875448756,#Cudalore,Called-No Response
